Path,Count
SWITCHBOARD,1517
SWITCHBOARD; LRS,708
SWITCHBOARD; ACAP PAs,247
SWITCHBOARD; MEMBERSHIP RECORDS,165
SWITCHBOARD; ACCOUNTING,115
SWITCHBOARD; LEGAL SPEC,96
SWITCHBOARD; DD LEGAL,65
SWITCHBOARD; AHC,48
SWITCHBOARD; FEE SEASON,43
SWITCHBOARD; ACCOUNTING; MEMBERSHIP RECORDS,31
SWITCHBOARD; WEBSITE,28
SWITCHBOARD; ETHICS ATTY,22
SWITCHBOARD; ACAP PAs; ACAP ATTY,20
SWITCHBOARD; LRS SPANISH,18
SWITCHBOARD; ACAP PAs; DD LEGAL,16
SWITCHBOARD; PRACTICE RESOURCE CENTER,15
SWITCHBOARD; LEGAL SPEC; ACCOUNTING,10
SWITCHBOARD; ACAP PAs; LRS,10
SWITCHBOARD; FEE SEASON; ACCOUNTING,6
SWITCHBOARD; SERVICE DESK,6
SWITCHBOARD; MEMBERSHIP RECORDS; LEGAL SPEC,5
SWITCHBOARD; ETHICS SPT; ETHICS ATTY,5
SWITCHBOARD; MEMBERSHIP RECORDS; ACCOUNTING,4
SWITCHBOARD; MEMBERSHIP RECORDS; DD LEGAL,4
SWITCHBOARD; LEGAL SPEC; MEMBERSHIP RECORDS,2
SWITCHBOARD; ACCOUNTING; MEMBERSHIP RECORDS; PRACTICE RESOURCE CENTER,2
SWITCHBOARD; ACAP PAs; DD LEGAL; AHC,2
SWITCHBOARD; DD LEGAL; MEMBERSHIP RECORDS,2
SWITCHBOARD; LRS; ACAP PAs,2
SWITCHBOARD; ACCOUNTING; FEE SEASON,2
SWITCHBOARD; WEBSITE; LEGAL SPEC,2
SWITCHBOARD; MEMBERSHIP RECORDS; AHC,2
SWITCHBOARD; WEBSITE; SERVICE DESK,1
SWITCHBOARD; DD LEGAL; ACAP PAs,1
SWITCHBOARD; LRS; ETHICS SPT; ETHICS ATTY,1
SWITCHBOARD; ACCOUNTING; WEBSITE,1
SWITCHBOARD; OPERATOR ORLANDO,1
ACAP PAs; SWITCHBOARD,1
SWITCHBOARD; ACCOUNTING; MEMBERSHIP RECORDS; DD LEGAL,1
SWITCHBOARD; ETHICS ATTY; AHC,1
SWITCHBOARD; AHC; MEMBERSHIP RECORDS,1
SWITCHBOARD; ACAP Spanish,1
SWITCHBOARD; ACCOUNTING; SERVICE DESK,1
SWITCHBOARD; MEMBERSHIP RECORDS; ETHICS ATTY,1
SWITCHBOARD; PRACTICE RESOURCE CENTER; ETHICS ATTY,1
SWITCHBOARD; LEGAL SPEC; MEMBERSHIP RECORDS; ACCOUNTING,1
MEMBERSHIP RECORDS; SWITCHBOARD,1
SWITCHBOARD; LRS; LRS SPANISH,1
ACAP PAs; SWITCHBOARD; ETHICS ATTY,1
SWITCHBOARD; PRACTICE RESOURCE CENTER; ETHICS SPT; ETHICS ATTY,1
SWITCHBOARD; OPERATOR MIAMI,1
SWITCHBOARD; FEE SEASON; LEGAL SPEC,1
SWITCHBOARD; ACCOUNTING; LEGAL SPEC,1
ACCOUNTING; SWITCHBOARD,1
SWITCHBOARD; DD LEGAL; LEGAL SPEC; ACAP PAs,1
LRS; SWITCHBOARD,1
SWITCHBOARD; ACCOUNTING; MEMBERSHIP RECORDS; LEGAL SPEC,1
SWITCHBOARD; LEGAL SPEC; ACCOUNTING; MEMBERSHIP RECORDS,1
SWITCHBOARD; ACCOUNTING; LEGAL SPEC; MEMBERSHIP RECORDS,1
SWITCHBOARD; ACCOUNTING; PRACTICE RESOURCE CENTER,1
SWITCHBOARD; ETHICS SPT,1
PRACTICE RESOURCE CENTER; SWITCHBOARD,1
SWITCHBOARD; PRACTICE RESOURCE CENTER; DD LEGAL,1
SWITCHBOARD; ACAP PAs; DD LEGAL; SERVICE DESK,1
